accumulated_eval_time,accumulated_logging_time,accumulated_submission_time,global_step,preemption_count,score,test/loss,test/num_examples,test/ppl,total_duration,train/loss,train/ppl,validation/loss,validation/num_examples,validation/ppl
331.95021772384644,0.0,20.79915022850037,1,0,20.79915022850037,0.0,0,1.0,352.74946641922,11.005793571472168,60222.03362979968,11.005755424499512,100000,60219.73638534624
661.1177418231964,0.0305087566375732,2591.924871206284,11381,0,2591.924871206284,0.0,0,1.0,3253.1458263397217,3.490845203399658,32.81367021462304,3.493678331375122,100000,32.90676735747443
990.2968363761902,0.0659692287445068,5162.82280087471,22790,0,5162.82280087471,0.0,0,1.0,6153.33264541626,3.304126501083374,27.224750409541016,3.304404258728028,100000,27.232313342373622
1319.11088848114,0.0975079536437988,7733.742281198502,34204,0,7733.742281198502,0.0,0,1.0,9053.168496847153,3.277564287185669,26.51112051879457,3.27811336517334,100000,26.525681188605752
1648.294514656067,0.1341791152954101,10304.696884393692,45622,0,10304.696884393692,0.0,0,1.0,11953.41379070282,3.169621229171753,23.798468483443138,3.167912244796753,100000,23.75783200609876
1977.307762861252,0.1688230037689209,12875.642571926115,57046,0,12875.642571926115,0.0,0,1.0,14853.47632741928,3.1218364238739014,22.688006205717542,3.1203553676605225,100000,22.65442886426022
2306.5041229724884,0.2047410011291504,15446.66543483734,68461,0,15446.66543483734,0.0,0,1.0,17753.799669504166,3.1153459548950195,22.541227252636965,3.1145830154418945,100000,22.52403621973657
2635.405521631241,0.24053287506103516,18017.74631667137,79876,0,18017.74631667137,0.0,0,1.0,20653.88707447052,3.0655572414398193,21.446409486152724,3.0639405250549316,100000,21.41176473745201
