accumulated_eval_time,accumulated_logging_time,accumulated_submission_time,global_step,preemption_count,score,test/loss,test/num_examples,test/ppl,total_duration,train/loss,train/ppl,validation/loss,validation/num_examples,validation/ppl
331.578319311142,0.0,21.00716352462769,1,0,21.00716352462769,0.0,0,1.0,352.58557510375977,11.086374282836914,65275.64552526401,11.087281227111816,100000,65334.87375255469
660.5214908123016,0.0382122993469238,2592.113157272339,11405,0,2592.113157272339,0.0,0,1.0,3252.746148109436,3.421208143234253,30.606369571683185,3.423755645751953,100000,30.6844387737482
989.3946137428284,0.0834162235260009,5163.203814268112,22836,0,5163.203814268112,0.0,0,1.0,6152.830812215805,3.2664310932159424,26.217603991645213,3.266446590423584,100000,26.218010294446405
1318.1784114837646,0.1293733119964599,7734.303517580032,34273,0,7734.303517580032,0.0,0,1.0,9052.832975149156,3.1769216060638428,23.972841994559392,3.175816535949707,100000,23.946364955507025
1647.0249729156494,0.175046682357788,10305.35549902916,45709,0,10305.35549902916,0.0,0,1.0,11952.848576545715,3.1226155757904053,22.705690497714738,3.120695114135742,100000,22.66212693423699
1975.841110944748,0.22516417503356934,12876.279433250427,57145,0,12876.279433250427,0.0,0,1.0,14852.708478689194,3.0810208320617676,21.78062541202961,3.079282283782959,100000,21.74279164065674
