accumulated_eval_time,accumulated_logging_time,accumulated_submission_time,global_step,preemption_count,score,test/loss,test/num_examples,test/ppl,total_duration,train/loss,train/ppl,validation/loss,validation/num_examples,validation/ppl
210.27894520759585,0.0,73.27459335327148,1,0,73.27459335327148,0.0,0.0,1.0,284.1893441677093,10.47393798828125,35381.27443062994,10.485079323849105,100000.0,35777.67318727807
391.52182388305664,0.3303532600402832,2639.260565519333,12637,0,2639.260565519333,0.0,0.0,1.0,3037.217299699784,3.359583282470703,28.777196418073707,3.348996838035486,100000.0,28.474155122330657
572.6850564479828,0.3665144443511963,5205.685631990433,25275,0,5205.685631990433,0.0,0.0,1.0,5790.027456045151,3.227773284912109,25.22342900243463,3.2159052309782608,100000.0,24.92584534895917
754.0956082344055,0.4010989665985107,7772.172705173492,37923,0,7772.172705173492,0.0,0.0,1.0,8543.069396018982,3.1235660552978515,22.72728205077409,3.1117299267703005,100000.0,22.459864734159
935.083722114563,0.4382619857788086,10338.734079360962,50591,0,10338.734079360962,0.0,0.0,1.0,11295.753468036652,3.017529106140137,20.44072237881135,3.002555671555307,100000.0,20.13693460840124
,,,50591,0,10338.734079360962,,,,,,,,,
