accumulated_eval_time,accumulated_logging_time,accumulated_submission_time,global_step,preemption_count,score,test/loss,test/num_examples,test/ppl,total_duration,train/loss,train/ppl,validation/loss,validation/num_examples,validation/ppl
210.6563780307769,0.0,86.4931960105896,1,0,86.4931960105896,0.0,0.0,1.0,297.78774785995483,10.486013793945313,35811.121978997246,10.498075597426473,100000.0,36245.68422838647
391.5583515167236,0.4117045402526855,2652.2643280029297,12619,0,2652.2643280029297,0.0,0.0,1.0,3050.478971004486,3.359930419921875,28.787187794780337,3.3501379300871164,100000.0,28.50666529944239
572.4223394393921,0.4462287425994873,5218.533575773239,25257,0,5218.533575773239,0.0,0.0,1.0,5802.952336072922,3.22906494140625,25.25603005846041,3.2161609230139065,100000.0,24.932219503972245
753.7723543643951,0.4800727367401123,7784.895085334778,37901,0,7784.895085334778,0.0,0.0,1.0,8555.958579778671,3.124894714355469,22.7574989294454,3.1121492117567136,100000.0,22.46928379273584
935.078066587448,0.520848274230957,10351.42058467865,50538,0,10351.42058467865,0.0,0.0,1.0,11309.002058029177,3.019521331787109,20.48148550136389,3.0043733016304346,100000.0,20.17356939052113
,,,50538,0,10351.42058467865,,,,,,,,,
