accumulated_eval_time,accumulated_logging_time,accumulated_submission_time,global_step,preemption_count,score,test/loss,test/num_examples,test/ppl,total_duration,train/loss,train/ppl,validation/loss,validation/num_examples,validation/ppl
212.2922096252441,0.0,63.91058588027954,1,0,63.91058588027954,0.0,0,1.0,276.8011224269867,11.011165618896484,60546.41977921857,11.01138532009271,100000,60559.72336142421
396.8452036380768,0.0620093345642089,2631.978570699692,6532,0,2631.978570699692,0.0,0,1.0,3033.303843736649,3.5308433532714845,34.152758313136694,3.523977606497762,100000,33.91907723842377
581.2146248817444,0.1064913272857666,5200.040276050568,13065,0,5200.040276050568,0.0,0,1.0,5789.494586467743,3.3511474609375,28.535458188713363,3.34099733006314,100000,28.24728452781488
765.5878183841705,0.1568200588226318,7767.837258815765,19599,0,7767.837258815765,0.0,0,1.0,8545.65034198761,3.250186538696289,25.79515126231514,3.2406486647818094,100000,25.55028994642022
949.9188721179962,0.2006072998046875,10335.853271007538,26142,0,10335.853271007538,0.0,0,1.0,11301.910744667051,3.183602523803711,24.133538783208795,3.1705328509630752,100000,23.82017357782808
1134.1449892520905,0.2420122623443603,12903.770976543428,32683,0,12903.770976543428,0.0,0,1.0,14057.820806264876,3.135455703735352,22.9991142365991,3.122625092411285,100000,22.705906580191204
1318.5316829681396,0.28375673294067383,15471.922557115555,39220,0,15471.922557115555,0.0,0,1.0,16814.030834674835,3.0931159973144533,22.045665295171613,3.079671328025096,100000,21.75125219421063
