accumulated_eval_time,accumulated_logging_time,accumulated_submission_time,global_step,preemption_count,score,test/loss,test/num_examples,test/ppl,total_duration,train/loss,train/ppl,validation/loss,validation/num_examples,validation/ppl
212.2164371013641,0.0,63.28030300140381,1,0,63.28030300140381,0.0,0,1.0,276.0810523033142,10.46593780517578,35099.34699591035,10.476577485613811,100000,35474.78656834007
396.0771813392639,0.0919349193572998,2631.3477737903595,6557,0,2631.3477737903595,0.0,0,1.0,3031.5927300453186,3.4960250854492188,32.984082131734,3.489447942475224,100000,32.76785297222033
579.5019567012787,0.1342523097991943,5199.959398984909,13106,0,5199.959398984909,0.0,0,1.0,5786.915897130966,3.3502479553222657,28.50980192454608,3.341798748201726,100000,28.269931487631364
763.2429392337799,0.1749217510223388,7768.6671895980835,19666,0,7768.6671895980835,0.0,0,1.0,8542.589112758636,3.2765453338623045,26.484120682558345,3.267090155950288,100000,26.23488873265861
947.0002064704896,0.2169468402862548,10337.114205360413,26218,0,10337.114205360413,0.0,0,1.0,11297.960128307344,3.217572021484375,24.96742615496341,3.205297914002557,100000,24.66284632938161
1130.579824924469,0.2610161304473877,12905.76542878151,32772,0,12905.76542878151,0.0,0,1.0,14053.258888483047,3.163410758972168,23.65112680825208,3.1520424767223467,100000,23.38377665845757
1314.1887111663818,0.30277156829833984,15474.614253282547,39328,0,15474.614253282547,0.0,0,1.0,16808.76308941841,3.1118423461914064,22.46238980108115,3.099536944533248,100000,22.18767477822919
