accumulated_eval_time,accumulated_logging_time,accumulated_submission_time,global_step,preemption_count,score,test/loss,test/num_examples,test/ppl,total_duration,train/loss,train/ppl,validation/loss,validation/num_examples,validation/ppl
214.31595706939697,0.0,69.7106306552887,1,0,69.7106306552887,0.0,0.0,1.0,284.6689205169678,10.569969940185548,38947.50295218026,10.581128366767905,100000.0,39384.52953443133
399.3078351020813,0.0649402141571044,2635.952278137207,12483,0,2635.952278137207,0.0,0.0,1.0,3041.3443517684937,3.3610885620117186,28.820546762097088,3.350735169237532,100000.0,28.523695681106123
583.9915771484375,0.1004626750946044,5202.483175754547,24979,0,5202.483175754547,0.0,0.0,1.0,5797.701635599136,3.230638122558594,25.29579363838776,3.217884580802429,100000.0,24.975231176358523
769.3230907917023,0.1338675022125244,7769.140979766846,37484,0,7769.140979766846,0.0,0.0,1.0,8554.783259153366,3.128092575073242,22.830390728098564,3.1152359360014388,100000.0,22.53874742817095
954.3598301410676,0.1655263900756836,10335.659363031387,49999,0,10335.659363031387,0.0,0.0,1.0,11311.410275697708,3.0238107681274413,20.569528221405445,3.0097290975663364,100000.0,20.28190476358841
,,,49999,0,10335.659363031387,,,,,,,,,
