accumulated_eval_time,accumulated_logging_time,accumulated_submission_time,global_step,preemption_count,score,test/loss,test/num_examples,test/ppl,total_duration,train/loss,train/ppl,validation/loss,validation/num_examples,validation/ppl
331.6346070766449,0.0,20.501079082489014,1,0,20.501079082489014,0.0,0,1.0,352.1357762813568,11.058281898498535,63467.41467824364,11.057774543762209,100000,63435.22235195929
660.3451807498932,0.0388171672821044,2591.3998839855194,11427,0,2591.3998839855194,0.0,0,1.0,3251.856593608856,3.389890670776367,29.66270909212912,3.392065525054932,100000,29.72729136497202
988.784955739975,0.0852296352386474,5162.400691509247,22879,0,5162.400691509247,0.0,0,1.0,6151.4157066345215,3.2328555583953857,25.35194767369753,3.232539176940918,100000,25.34392805631494
1317.4975504875183,0.1387407779693603,7733.283766508102,34332,0,7733.283766508102,0.0,0,1.0,9051.135574102402,3.1623122692108154,23.625160552053128,3.161433458328247,100000,23.604407624142645
1645.9629244804382,0.1848077774047851,10304.23870229721,45787,0,10304.23870229721,0.0,0,1.0,11950.66808104515,3.12810492515564,22.83067268704633,3.1264023780822754,100000,22.79183546256285
1974.6988756656647,0.2349100112915039,12875.283079862595,57242,0,12875.283079862595,0.0,0,1.0,14850.56470155716,3.0781707763671875,21.71863779258594,3.076569080352783,100000,21.683878980951235
