accumulated_eval_time,accumulated_logging_time,accumulated_submission_time,global_step,preemption_count,score,test/loss,test/num_examples,test/ppl,total_duration,train/loss,train/ppl,validation/loss,validation/num_examples,validation/ppl
332.7077293395996,0.0,25.705768823623657,1,0,25.705768823623657,0.0,0,1.0,358.4136018753052,10.995501518249512,59605.40389065451,10.99566650390625,100000,59615.23873864268
662.0156135559082,0.0501048564910888,2596.7469022274017,11410,0,2596.7469022274017,0.0,0,1.0,3258.885369539261,3.524432420730591,33.93450762623022,3.5276472568511963,100000,34.04377705462479
991.5339181423188,0.0824878215789794,5167.79443693161,22846,0,5167.79443693161,0.0,0,1.0,6159.557198047638,3.31892204284668,27.63054995054379,3.3194589614868164,100000,27.64538929125229
1320.7671632766724,0.1144556999206543,7738.909580230713,34294,0,7738.909580230713,0.0,0,1.0,9060.008598089218,3.217609167098999,24.96835360257872,3.2169606685638428,100000,24.95216691093237
1650.0272572040558,0.1488640308380127,10309.923181056976,45744,0,10309.923181056976,0.0,0,1.0,11960.382620096208,3.171372175216675,23.84017481982648,3.16972017288208,100000,23.800823308710644
1979.596869945526,0.209625244140625,12880.940367937088,57200,0,12880.940367937088,0.0,0,1.0,14861.095667600632,3.1211583614349365,22.67262753533304,3.119720935821533,100000,22.64006073157697
2309.1696004867554,0.24599051475524902,15451.99134683609,68640,0,15451.99134683609,0.0,0,1.0,17761.82177042961,3.0946686267852783,22.079920630853206,3.0939340591430664,100000,22.063707391204822
