accumulated_eval_time,accumulated_logging_time,accumulated_submission_time,global_step,preemption_count,score,test/loss,test/num_examples,test/ssim,total_duration,train/loss,train/ssim,validation/loss,validation/num_examples,validation/ssim
90.89048910140993,0.0,91.1982924938202,1,0,91.1982924938202,0.8594676520830424,3581,0.2968267309236246,182.70292377471924,0.8498898914882115,0.2778753212520054,0.860900569780529,3554,0.2733015190300542
104.09624099731444,0.0598368644714355,195.7564344406128,722,0,195.7564344406128,0.2926423883211742,3581,0.7334134363655403,306.60035610198975,0.2623186792646135,0.7406326021466937,0.291032936040377,3554,0.7165365224482977
117.2495617866516,0.0962023735046386,300.1160252094269,1517,0,300.1160252094269,0.2897626061374267,3581,0.7380266783457833,430.3275315761566,0.258671726499285,0.7469030107770648,0.2883556325179375,3554,0.7207344497397299
130.4713385105133,0.1349744796752929,404.5285863876343,2306,0,404.5285863876343,0.2884238892112887,3581,0.7407423593051871,554.1926553249359,0.2565519639423915,0.7502959796360561,0.2870345494018623,3554,0.7236005260358047
143.64137816429138,0.1728439331054687,508.9514226913452,3114,0,508.9514226913452,0.288313511196244,3581,0.7408039228305641,678.0763924121857,0.256911141531808,0.749610355922154,0.2870050622428074,3554,0.7234899964168894
156.89196491241455,0.20756912231445312,613.2840929031372,3913,0,613.2840929031372,0.28784544432639275,3581,0.741883909326131,801.8957648277283,0.2560233048030308,0.7518598011561802,0.2864974778088949,3554,0.7246228391425155
