accumulated_eval_time,accumulated_logging_time,accumulated_submission_time,global_step,preemption_count,score,test/loss,test/num_examples,test/ppl,total_duration,train/loss,train/ppl,validation/loss,validation/num_examples,validation/ppl
331.3653769493103,0.0,20.073198318481445,1,0,20.073198318481445,0.0,0,1.0,351.43866515159607,11.012662887573242,60637.141937818495,11.012882232666016,100000,60650.44385614428
660.2042541503906,0.0397620201110839,2591.0787456035614,11428,0,2591.0787456035614,0.0,0,1.0,3251.3903436660767,3.383850812911988,29.48409050378142,3.386150598526001,100000,29.551975621652595
988.886197566986,0.0868630409240722,5162.140597343445,22885,0,5162.140597343445,0.0,0,1.0,6151.249363183975,3.24549412727356,25.67439334437545,3.245559930801392,100000,25.67608286562007
1317.6250150203705,0.1336979866027832,7733.05108499527,34339,0,7733.05108499527,0.0,0,1.0,9051.01193356514,3.164884567260742,23.68600973403464,3.164163589477539,100000,23.66893880186456
1646.331607580185,0.179697036743164,10304.113168478012,45790,0,10304.113168478012,0.0,0,1.0,11950.894019842148,3.1363112926483154,23.01880044419749,3.134558916091919,100000,22.978498160644577
1974.7608571052551,0.22773122787475586,12875.024502277374,57249,0,12875.024502277374,0.0,0,1.0,14850.348546028137,3.0757319927215576,21.66573526905716,3.074130058288574,100000,21.631055966114655
