accumulated_eval_time,accumulated_logging_time,accumulated_submission_time,global_step,preemption_count,score,test/loss,test/num_examples,test/ppl,total_duration,train/loss,train/ppl,validation/loss,validation/num_examples,validation/ppl
333.7029254436493,0.0,25.405643224716187,1,0,25.405643224716187,0.0,0,1.0,359.1086723804474,11.002148628234863,60002.92729324393,11.002188682556152,100000,60005.33071790546
664.2292051315308,0.0644490718841552,2596.313731908798,11293,0,2596.313731908798,0.0,0,1.0,3260.684348583221,3.5013985633850098,33.16179841895657,3.504018068313598,100000,33.2487797876805
994.8727624416352,0.0969510078430175,5167.248461961746,22619,0,5167.248461961746,0.0,0,1.0,6162.37321639061,3.2980175018310547,27.058941408839107,3.2983195781707764,100000,27.06711650950671
1325.4967215061188,0.1302425861358642,7738.187179327011,33948,0,7738.187179327011,0.0,0,1.0,9064.04209446907,3.200860977172852,24.553661240969216,3.200201749801636,100000,24.537480129517387
1655.631425857544,0.1663515567779541,10309.158726215364,45278,0,10309.158726215364,0.0,0,1.0,11965.253070116043,3.1499183177948,23.33415851757384,3.1480367183685303,100000,23.290294258718315
1986.4477155208588,0.1999397277832031,12880.210941791534,56608,0,12880.210941791534,0.0,0,1.0,14867.222794294355,3.1267786026000977,22.80041192310624,3.1253561973571777,100000,22.7680035520287
2317.42533659935,0.23600244522094727,15451.332998037338,67936,0,15451.332998037338,0.0,0,1.0,17769.42689061165,3.0955586433410645,22.099580873438015,3.0948569774627686,100000,22.084079790540933
