accumulated_eval_time,accumulated_logging_time,accumulated_submission_time,global_step,preemption_count,score,test/accuracy,test/loss,test/mean_average_precision,test/num_examples,total_duration,train/accuracy,train/loss,train/mean_average_precision,validation/accuracy,validation/loss,validation/mean_average_precision,validation/num_examples
68.43934321403503,0.0,26.34694647789001,1,0,26.34694647789001,0.5226801427513752,0.7510258044083794,0.0273175938486598,43793.0,95.25360226631165,0.5139644908605896,0.7579549183518415,0.0208646144684521,0.5231715940494709,0.751313013697518,0.0261832805000614,43793.0
99.07515549659728,0.0763318538665771,477.3165102005005,1945,0,477.3165102005005,0.9845886127393052,0.0532302619512583,0.1771009978188172,43793.0,578.3598818778992,0.9883120152601226,0.0405237272192064,0.1960204063187819,0.9854808906958846,0.050426002593046,0.1711007153690219,43793.0
129.39229154586792,0.1288254261016845,928.3457877635956,3878,0,928.3457877635956,0.9852952943762796,0.0492294155020598,0.2323522748668058,43793.0,1061.1829991340635,0.9893871557088846,0.0351668179872781,0.3145005489333489,0.9862448406989696,0.0463430390485209,0.2364455772548562,43793.0
159.8393201828003,0.1817855834960937,1379.332411289215,5802,0,1379.332411289215,0.9858415196940128,0.0473837499757841,0.2591142855928081,43793.0,1544.0905258655548,0.9902772362690994,0.0325199088862197,0.3525015423132043,0.98673885087631,0.0446016576131961,0.2588469696134872,43793.0
190.3724548816681,0.2358644008636474,1830.406593322754,7724,0,1830.406593322754,0.9861420067905452,0.0462758156740134,0.2680967994640767,43793.0,2027.1691586971283,0.9910450929424656,0.0299131935060659,0.4213825299285667,0.9870713030827534,0.0433978376196259,0.2865592641568253,43793.0
220.99098539352417,0.2897815704345703,2281.462235212326,9643,0,2281.462235212326,0.9862993045208251,0.046071708313364,0.2714593981779263,43793.0,2510.31564450264,0.9914269542494052,0.0283194887612233,0.4624247287035135,0.98724179139375,0.0432186219308044,0.2937916287114694,43793.0
,,,9643,0,2281.462235212326,,,,,,,,,,,,
