accumulated_eval_time,accumulated_logging_time,accumulated_submission_time,global_step,preemption_count,score,test/loss,test/num_examples,test/ppl,total_duration,train/loss,train/ppl,validation/loss,validation/num_examples,validation/ppl
213.78433752059937,0.0,66.29437732696533,1,0,66.29437732696533,0.0,0,1.0,280.71236062049866,11.030270385742188,61714.26519868653,11.029599084878516,100000,61672.85026165453
398.2059817314148,0.0736458301544189,2633.4035201072693,6515,0,2633.4035201072693,0.0,0,1.0,3037.083830356598,3.5291511535644533,34.09501389684652,3.522016676490569,100000,33.85262947305149
582.4602251052856,0.1279859542846679,5200.927927017212,13034,0,5200.927927017212,0.0,0,1.0,5793.324558973312,3.3434463500976563,28.31654747209511,3.332633796555307,100000,28.01202259902726
766.767923116684,0.1747739315032959,7768.531230926514,19552,0,7768.531230926514,0.0,0,1.0,8549.600536584854,3.247519683837891,25.726450985398767,3.2364879715473145,100000,25.44420387673817
950.9633891582488,0.2260034084320068,10336.016378164291,26073,0,10336.016378164291,0.0,0,1.0,11305.572851657867,3.182629203796387,24.11006055483178,3.169194136129316,100000,23.788306493345303
1135.1794040203094,0.2799983024597168,12903.719439029694,32598,0,12903.719439029694,0.0,0,1.0,14061.588233232498,3.1348617553710936,22.985458006268185,3.1213597446451407,100000,22.67719388162717
1319.2875664234161,0.3305380344390869,15471.447128295898,39128,0,15471.447128295898,0.0,0,1.0,16817.469852924347,3.09359188079834,22.056158959859697,3.079372864550032,100000,21.744761208603
