accumulated_eval_time,accumulated_logging_time,accumulated_submission_time,global_step,preemption_count,score,test/loss,test/num_examples,test/ppl,total_duration,train/loss,train/ppl,validation/loss,validation/num_examples,validation/ppl
211.98661756515503,0.0,69.51201510429382,1,0,69.51201510429382,0.0,0,1.0,282.10033917427063,11.031626892089845,61798.03779735442,11.03209918478261,100000,61827.23145246574
394.72000217437744,0.1853532791137695,2637.08406162262,6581,0,2637.08406162262,0.0,0,1.0,3036.474398374557,3.525138092041016,33.95846268590055,3.518682377417679,100000,33.7399426521659
577.161230802536,0.2280802726745605,5205.049510478973,13174,0,5205.049510478973,0.0,0,1.0,5790.813197851181,3.342102813720703,28.278528706013184,3.3326784411964514,100000,28.013273213640336
759.6030526161194,0.272796630859375,7773.108748674393,19762,0,7773.108748674393,0.0,0,1.0,8545.077067375183,3.245869445800781,25.68403122839785,3.234732157129156,100000,25.39956777453608
942.1785442829132,0.3150203227996826,10340.792315244677,26349,0,10340.792315244677,0.0,0,1.0,11299.22868180275,3.1786788940429687,24.01500621811304,3.164970066236413,100000,23.688034950180352
1124.771277666092,0.3545629978179931,12908.550815582275,32942,0,12908.550815582275,0.0,0,1.0,14053.419970989227,3.128622817993164,22.84249959117694,3.114723615329284,100000,22.52720331933433
1307.156940460205,0.3941833972930908,15476.685742616653,39534,0,15476.685742616653,0.0,0,1.0,16807.549614191055,3.086786651611328,21.906571309572055,3.0719824593390346,100000,21.584650980529222
